id,texto
1,"Fui cobrado duas vezes na fatura deste mes, o valor total ja saiu da minha conta."
2,Gostaria de saber como altero meu endereco de cadastro no aplicativo.
3,Meu nome e Carlos Eduardo Ferreira e identifiquei uma transacao que nao reconheco no meu extrato de hoje.
4,"O atendimento da agencia foi otimo, o gerente Bruno Salviano resolveu tudo rapido."
5,"Recebi uma mensagem estranha pedindo meus dados bancarios, acho que e uma fraude. Meu CPF e 123.456.789-00."
6,Quando sai a nova atualizacao do aplicativo?
7,"Meu cartao foi clonado e ja aparecem compras que nao fiz. Sou a cliente Fernanda Albuquerque, CPF 98765432100."
8,"Queria elogiar a rapidez na abertura da minha conta digital, atendente Julia Prado foi excelente."
9,"Nao concordo com a taxa de manutencao cobrada este mes, parece um valor errado."
10,Como funciona o programa de pontos do cartao de credito?
11,"Estou tentando falar com o suporte ha tres dias sobre um saque que nao caiu na minha conta 45231-9, agencia 0021."
12,Achei a interface do novo aplicativo bem mais facil de usar.
13,"Preciso de uma segunda via do meu cartao, o antigo venceu. Meu nome completo e Maria da Silva Nogueira."
14,Foi descontado um valor de seguro que eu nunca contratei. Pode confirmar pelo meu e-mail joao.pereira@gmail.com?
15,Muito obrigado pela agilidade na aprovacao do meu emprestimo.
16,Gostaria de saber o horario de funcionamento da agencia central.
17,Minha senha parou de funcionar e nao consigo acessar minha conta ha dois dias. RG 34.567.890-1.
18,"Recebi um boleto de cobranca de um servico que ja cancelei ha meses. Assinado, rafael tavares moreira."
19,O aplicativo trava toda vez que tento fazer um Pix acima de mil reais.
20,"Adorei a nova funcao de investimentos automaticos, muito pratica."
21,Preciso atualizar meu numero de telefone cadastrado. Envie a confirmacao para ana_costa99@hotmail.com.
22,Notei um saque em caixa eletronico em outra cidade que eu nunca visitei. Conta 778821-4.
23,A taxa de cambio aplicada na minha compra internacional ficou bem acima da taxa oficial do dia.
24,"Queria elogiar o novo layout do extrato, ficou bem mais claro."
25,Como faco para encerrar minha conta poupanca? Meu nome e Patricia Yumi Sakamoto.
26,Estou muito insatisfeito com o tempo de espera no chat de atendimento.
27,"Meu limite do cartao foi reduzido sem nenhum aviso previo. CPF 111.222.333-44, favor verificar."
28,Excelente iniciativa o novo programa de cashback.
29,Alguem usou meus dados para abrir um emprestimo que eu nao fiz. Meu RG e 501987654.
30,Qual o valor minimo para abrir uma conta investimento?
31,Encaminho a reclamacao de pedro henrique de castro sobre a cobranca indevida no cartao final 4521.
32,"Trabalho na agencia 1123, conta 998877-2, e gostaria de revisar meu extrato dos ultimos tres meses."
33,Solicito o cancelamento do seguro residencial vinculado a minha conta corrente.
34,"Sou o cliente Thiago Bezerra Lins, meu email para contato e thiago.lins@empresa.com.br."
35,Nao recebi o cartao fisico que deveria ter chegado ha duas semanas.
36,A cliente Camila reportou instabilidade no aplicativo durante o Pix noturno.
37,"Segue print do erro. Att, gustavo lima araujo, CPF 22233344455."
38,Gostaria de entender por que a fatura chegou com dois lancamentos duplicados.
39,"Meu contrato de financiamento esta em nome de Beatriz Cristina Monteiro, RG 12345678, conta 33445-5."
40,Por favor me liguem no telefone cadastrado assim que possivel para tratar do estorno.
